label0,label1,label2,label3,label4,label5,label6,label7,label8,label9,label10,label11,label12,label13,label14,label15,label16,label17,label18,label19,label20,label21,label22,label23,label24,label25,label26,label27,label28,label29,label30,label31,label32,label33,label34,label35,label36,label37,label38,label39,label40,label41,label42,label43,label44,label45,label46,label47,label48,label49,label50,label51,label52,label53,label54,label55,label56,label57,label58,label59,label60,label61,label62,label63,label64,label65,label66,label67,label68,label69,label70,label71,label72,label73,label74,label75,label76,label77,label78,label79,label80,label81,label82,label83,label84,label85,label86,label87,label88,label89,label90,label91,label92,label93,label94,label95,label96,label97,label98,label99,label100,label101,label102,label103,label104,label105,label106,label107,label108,label109,label110,label111,label112,label113,label114,label115,label116,label117,label118,label119,label120,label121,label122,label123,label124,label125,label126,label127,label128,label129,label130,label131,label132,label133,label134,label135,label136,label137,label138,label139,label140,label141,label142,label143,label144,label145,label146,label147,label148,label149,label150,label151,label152,label153,label154,label155,label156,label157,label158,label159,label160,label161,label162,label163,label164,label165,label166,label167,label168,label169,label170,label171,label172,label173,label174,label175,label176,label177,label178,label179,label180,label181,label182,label183,label184,label185,label186,label187,label188,label189,label190,label191,label192,label193,label194,label195,label196,label197,label198,label199,label200,label201,label202,label203,label204,label205,label206,label207,label208,label209,label210,label211,label212,label213,label214,label215,label216,label217,label218,label219,label220,label221,label222,label223,label224,label225,label226,label227,label228,label229,label230,label231,label232,label233,label234,label235,label236,label237,label238,label239,label240,label241,label242,label243,label244,label245,label246,label247,label248,label249,label250,label251,label252,label253,label254,label255,label256,label257,label258,label259,label260,label261,label262,label263,label264,label265,label266,label267,label268,label269,label270,label271,label272,label273,label274,label275,label276,label277,label278,label279,label280,label281,label282,label283,label284,label285,label286,label287,label288,label289,label290,label291,label292,label293,label294,label295,label296,label297,label298,label299,label300,label301,label302,label303,label304,label305,label306,label307,label308,label309,label310,label311,label312,label313,label314,label315,label316,label317,label318,label319,label320,label321,label322,label323,label324,label325,label326,label327,label328,label329,label330,label331,label332,label333,label334,label335,label336,label337,label338,label339,label340,label341,label342,label343,label344,label345,label346,label347,label348,label349,label350,label351,label352,label353,label354,label355,label356,label357,label358,label359,label360,label361,label362,label363,label364,label365,label366,label367,label368,label369,label370,label371,label372,label373,label374,label375,label376,label377,label378,label379,label380,label381,label382,label383,label384,label385,label386,label387,label388,label389,label390,label391,label392,label393,label394,label395,label396,label397,label398,label399,label400,label401,label402,label403,label404,label405,label406,label407,label408,label409,label410,label411,label412,label413,label414,label415,label416,label417,label418,label419,label420,label421,label422,label423,label424,label425,label426,label427,label428,label429,label430,label431,label432,label433,label434,label435,label436,label437,label438,label439,label440,label441,label442,label443,label444,label445,label446,label447,label448,label449,label450,label451,label452,label453,label454,label455,label456,label457,label458,label459,label460,label461,label462,label463,label464,label465,label466,label467,label468,label469,label470,label471,label472,label473,label474,label475,label476,label477,label478,label479,label480,label481,label482,label483,label484,label485,label486,label487,label488,label489,label490,label491,label492,label493,label494,label495,label496,label497,label498,label499,label500,label501,label502,label503,label504,label505,label506,label507,label508,label509,label510,label511,label512,label513,label514,label515,label516,label517,label518,label519,label520,label521,label522,label523,label524,label525,label526,label527,label528,label529,label530,label531,label532,label533,label534,label535,label536,label537,label538,label539,label540,label541,label542,label543,label544,label545,label546,label547,label548,label549,label550,label551,label552,label553,label554,label555,label556,label557,label558,label559,label560,label561,label562,label563,label564,label565,label566,label567,label568,label569,label570,label571,label572,label573,label574,label575,label576,label577,label578,label579,label580,label581,label582,label583,label584,label585,label586,label587,label588,label589,label590,label591,label592,label593,label594,label595,label596,label597,label598,label599,label600,label601,label602,label603,label604,label605,label606,label607,label608,label609,label610,label611,label612,label613,label614,label615,label616,label617,label618,label619,label620,label621,label622,label623,label624,label625,label626,label627,label628,label629,label630,label631,label632,label633,label634,label635,label636,label637,label638,label639,label640,label641,label642,label643,label644,label645,label646,label647,label648,label649,label650,label651,label652,label653,label654,label655,label656,label657,label658,label659,label660,label661,label662,label663,label664,label665,label666,label667,label668,label669,label670,label671,label672,label673,label674,label675,label676,label677,label678,label679,label680,label681,label682,label683,label684,label685,label686,label687,label688,label689,label690,label691,label692,label693,label694,label695,label696,label697,label698,label699,label700,label701,label702,label703,label704,label705,label706,label707,label708,label709,label710,label711,label712,label713,label714,label715,label716,label717,label718,label719,label720,label721,label722,label723,label724,label725,label726,label727,label728,label729,label730,label731,label732,label733,label734,label735,label736,label737,label738,label739,label740,label741,label742,label743,label744,label745,label746,label747,label748,label749,label750,label751,label752,label753,label754,label755,label756,label757,label758,label759,label760,label761,label762,label763,label764,label765,label766,label767,label768,label769,label770,label771,label772,label773,label774,label775,label776,label777,label778,label779,label780,label781,label782,label783
0,0,0,0,0,0,0,0,0,0,0,0,0,0,0,0,0,0,0,0,0,0,0,0,0,0,0,0,0,0,0,0,0,0,0,0,0,0,0,0,0,0,0,0,0,0,0,0,0,0,0,0,0,0,0,0,0,0,0,0,0,0,0,0,0,0,0,0,0,0,0,0,0,0,0,0,0,0,0,0,0,0,0,0,0,0,0,0,0,0,0,0,0,0,0,0,0,0,0,0,0,0,0,0,0,0,0,0,0,0,0,0,0,0,0,0,0,0,0,0,0,0,0,0,0,0,0,0,0,0,0,0,0,0,0,0,0,0,0,0,0,0,0,0,0,0,0,0,0,0,0,0,0,0,0,0,0,0,0,0,0,0,0,0,0,0,0,0,0,0,0,0,0,0,0,0,0,0,0,0,0,0,0,0,0,0,0,0,0,0,0,0,0,0,0,0,0,0,0,0,0,0,0,0,0,0,0,0,0,0,0,0,0,0,0,0,0,0,0,0,0,0,0,0,0,0,0,0,0,0,0,0,0,0,0,0,0,0,0,0,0,0,0,0,0,0,0,0,0,0,0,0,0,0,0,0,0,0,0,0,0,0,0,0,0,0,0,0,0,0,0,0,0,0,0,0,0,0,0,0,0,0,0,0,0,0,0,0,0,0,0,0,0,0,0,0,0,0,0,0,0,0,0,0,0,0,0,0,0,0,0,0,0,0,0,0,0,0,0,0,0,0,0,0,0,0,0,0,0,0,0,0,0,0,0,0,0,0,0,0,0,0,0,0,0,0,0,0,0,0,0,0,0,0,0,0,0,0,0,0,0,0,0,0,0,0,0,0,0,0,0,0,0,0,0,0,0,0,0,0,0,0,0,0,0,0,0,0,0,0,0,0,0,0,0,0,0,0,0,0,0,0,0,0,0,0,0,0,0,0,0,0,0,0,0,0,0,0,0,0,0,0,0,0,0,0,0,0,0,0,0,0,0,0,0,0,0,0,0,0,0,0,0,0,0,0,0,0,0,0,0,0,0,0,0,0,0,0,0,0,0,0,0,0,0,0,0,0,0,0,0,0,0,0,0,0,0,0,0,0,0,0,0,0,0,0,0,0,0,0,0,0,0,0,0,0,0,0,0,0,0,0,0,0,0,0,0,0,0,0,0,0,0,0,0,0,0,0,0,0,0,0,0,0,0,0,0,0,0,0,0,0,0,0,0,0,0,0,0,0,0,0,0,0,0,0,0,0,0,0,0,0,0,0,0,0,0,0,0,0,0,0,0,0,0,0,0,0,0,0,0,0,0,0,0,0,0,0,0,0,0,0,0,0,0,0,0,0,0,0,0,0,0,0,0,0,0,0,0,0,0,0,0,0,0,0,0,0,0,0,0,0,0,0,0,0,0,0,0,0,0,0,0,0,0,0,0,0,0,0,0,0,0,0,0,0,0,0,0,0,0,0,0,0,0,0,0,0,0,0,0,0,0,0,0,0,0,0,0,0,0,0,0,0,0,0,0,0,0,0,0,0,0,0,0,0,0,0,0,0,0,0,0,0,0,0,0,0,0,0,0,0,0,0,0,0,0,0,0,0,0,0,0,0,0,0,0,0,0,0,0,0,0,0,0,0,0,0,0,0,0,0,0,0,0,0,0,0,0,0,0,0,0,0,0,0,0,0,0,0,0,0,0,0,0,0,0,0,0,0,0,0,0,0,0,0,0,0,0,0,0,0,0,0,0,0,0,0,0,0,0,0,0,0,0,0,0,0,0,0,0,0,0,0
51,18,19,18,20,19,19,19,20,17,22,20,18,20,22,17,18,20,20,20,20,19,19,18,19,19,19,19,32,0,1,0,1,0,0,0,0,0,0,0,0,0,0,2,1,0,0,0,0,0,0,2,0,0,0,0,33,0,1,0,1,0,0,1,1,0,1,3,4,5,5,3,0,1,0,3,0,1,0,1,0,0,0,0,33,0,1,0,1,0,0,1,0,0,17,41,58,77,74,37,10,0,0,2,0,0,2,0,0,0,0,0,33,0,1,0,1,0,0,0,3,4,50,111,154,186,192,152,71,8,0,0,0,0,2,0,0,0,0,0,33,0,1,0,0,0,0,0,3,28,115,177,204,213,216,196,146,33,2,1,0,0,0,0,0,0,0,0,34,0,1,0,1,0,0,1,2,56,181,212,215,218,221,216,185,77,7,0,0,1,0,0,0,0,0,0,33,0,1,0,0,0,0,0,3,53,196,221,219,221,218,221,201,128,20,0,0,0,2,0,0,0,0,0,33,0,1,0,1,0,0,0,3,48,196,218,221,221,220,215,198,128,38,0,0,0,0,1,0,0,0,0,33,0,1,0,1,0,0,0,3,51,187,218,222,219,221,205,194,148,48,1,1,3,1,0,0,0,0,0,33,0,1,0,1,0,0,0,6,51,168,215,218,219,221,218,207,176,58,3,0,0,0,0,0,0,0,0,33,0,1,0,1,0,0,0,4,57,144,214,221,219,222,217,206,178,52,0,3,2,0,1,0,0,0,0,33,0,1,0,1,0,0,0,5,61,171,218,218,224,218,223,209,128,21,5,0,0,1,1,0,0,0,0,33,0,1,0,1,0,0,0,5,59,185,216,219,219,220,218,207,120,21,0,0,0,0,0,0,0,0,0,33,0,1,0,1,0,0,0,5,70,203,222,222,220,218,222,192,104,17,0,0,0,1,0,0,0,0,0,33,0,1,0,1,0,0,0,14,99,201,218,218,220,221,219,203,109,17,0,2,0,0,0,0,0,0,0,33,0,1,0,1,0,0,0,22,115,197,214,219,224,218,220,204,93,14,0,3,0,2,0,0,0,0,0,33,0,1,0,1,0,0,0,23,99,178,212,218,221,219,216,158,45,11,0,1,1,0,3,0,0,0,0,33,0,1,0,1,0,0,0,13,69,142,192,219,218,220,220,181,40,13,1,0,1,0,0,0,0,0,0,33,0,1,0,1,0,0,0,9,70,168,209,219,218,224,216,208,71,13,0,0,0,2,0,0,0,0,0,33,0,1,0,1,0,0,0,2,44,150,218,219,224,218,221,189,90,12,0,2,0,0,0,0,0,0,0,33,0,1,0,1,0,0,0,2,22,137,210,222,215,220,215,181,80,4,0,2,2,1,1,0,0,0,0,33,0,1,0,1,0,0,0,0,3,83,201,215,218,215,209,157,49,1,1,0,1,0,0,0,0,0,0,33,0,1,0,1,0,0,0,1,1,14,105,167,161,149,148,78,7,1,1,0,0,0,2,0,0,0,0,33,0,1,0,1,0,0,0,1,0,2,17,62,68,57,48,23,4,0,0,0,0,3,0,0,0,0,0,33,0,1,0,0,0,0,0,1,0,0,0,11,9,9,4,4,0,0,2,0,0,1,0,0,0,0,0,33,0,1,0,1,0,0,1,1,0,2,2,0,0,2,0,0,0,2,2,0,0,1,0,0,0,0,0,35,2,3,2,3,2,2,3,1,2,0,4,3,5,2,2,3,4,4,2,2,3,3,2,2,2,2,2
1,0,1,0,0,0,2,10,37,84,93,89,73,67,49,20,4,0,0,1,0,0,0,2,0,0,0,0,0,0,0,0,0,14,42,63,77,125,142,130,127,125,102,63,20,7,0,1,1,0,1,0,0,0,0,0,0,2,0,2,13,44,97,130,131,149,156,140,135,137,119,121,70,13,0,2,0,1,1,0,0,0,0,0,0,1,0,2,21,56,103,136,155,175,159,134,155,141,141,145,101,30,6,1,0,2,0,0,0,0,0,0,1,1,0,4,21,42,69,102,131,124,118,135,153,154,159,155,119,77,29,1,0,0,2,0,0,0,0,0,2,0,2,7,20,32,52,88,96,86,49,41,70,89,153,167,146,114,61,9,0,0,1,1,0,0,0,0,0,0,0,3,13,26,47,72,62,36,6,3,30,90,157,172,160,126,86,22,1,3,0,0,0,0,0,0,0,3,0,0,5,19,36,38,23,5,3,1,12,72,150,170,166,146,102,27,1,1,0,0,0,0,0,0,1,0,0,0,2,4,7,9,1,2,0,3,2,35,130,168,166,152,102,36,6,1,1,0,0,0,0,0,0,0,0,0,0,1,2,3,0,2,0,0,2,19,102,169,181,169,119,45,9,2,0,0,0,0,0,0,0,0,0,0,0,0,0,0,2,0,2,0,3,37,93,163,177,159,136,57,8,0,1,0,0,0,0,0,0,0,0,0,0,0,0,0,0,2,0,3,12,82,122,167,173,162,139,44,4,0,1,0,0,0,0,0,0,0,0,0,0,1,1,1,0,1,0,5,36,110,125,154,158,145,95,21,3,0,0,1,0,0,0,0,0,0,0,0,0,0,0,1,0,0,4,22,63,104,135,159,143,124,48,10,1,1,0,0,0,0,0,0,0,0,0,0,0,0,0,0,1,3,15,66,119,130,171,158,138,111,35,2,0,2,0,0,0,0,0,0,0,0,0,1,1,0,0,0,2,11,58,105,146,154,169,155,118,54,14,2,0,0,2,1,0,0,0,0,0,0,2,0,0,0,1,4,21,45,97,141,149,151,166,138,87,24,6,0,1,6,5,2,2,0,1,0,0,0,0,1,2,2,18,45,65,135,154,153,135,138,135,97,30,24,25,32,25,27,25,18,8,0,2,0,1,0,0,0,2,20,68,114,145,177,184,176,144,140,138,85,60,75,79,88,105,107,70,52,32,7,2,0,0,0,1,1,4,44,108,143,158,184,195,195,192,190,174,153,154,149,115,101,126,150,142,94,67,19,2,0,3,0,0,0,7,56,122,148,181,195,198,194,177,183,168,178,172,164,138,148,166,163,154,123,82,23,3,1,0,0,0,1,6,33,83,120,158,173,165,145,139,159,167,178,182,170,147,155,147,153,139,98,59,13,1,1,0,0,0,0,0,9,43,91,118,132,138,130,134,136,144,148,151,157,111,109,109,112,95,49,22,2,0,0,0,1,1,0,1,0,13,51,82,112,122,114,115,119,106,97,85,86,50,41,41,33,25,7,0,0,2,0,0,0,0,0,0,1,2,4,15,25,31,28,25,26,25,21,16,14,12,10,7,5,3,1,0,0,0,0,0,0,0,0,0,0,1,2,0,2,3,1,0,1,2,1,1,0,0,0,0,0,0,0,0,0,0,0,0,0,0,0,0,0,0,0,0,0,0,0,0,0,0,0,0,0,0,0,0,0,1,0,0,0,0,0,0,0,0,0,0,0,0,0,1,0,0,2,3,1,0,0,1,1,1,1,0,0,0,0,0,0,0,0
0,1,1,7,42,71,108,130,141,116,122,91,86,99,108,104,105,118,130,110,70,66,36,8,0,1,1,0,0,0,0,11,40,66,113,142,159,158,150,137,122,122,136,137,125,143,158,138,131,132,106,38,4,0,2,0,1,2,2,19,47,70,114,134,138,147,148,153,143,135,136,133,134,158,168,159,165,147,120,76,27,2,1,0,0,0,0,10,35,60,90,96,93,99,115,121,113,98,94,86,100,121,142,157,162,146,121,95,48,6,0,0,0,0,3,2,7,17,23,18,19,19,23,25,21,16,22,18,23,53,104,145,184,166,148,115,51,5,1,1,2,0,1,0,0,4,3,2,2,2,1,2,0,2,1,5,22,53,84,134,171,167,158,132,51,6,0,0,0,0,0,1,1,2,0,0,0,0,1,1,0,6,24,39,77,103,146,157,167,151,168,135,44,6,0,0,0,2,0,1,0,0,1,2,0,1,3,16,28,27,74,75,129,143,164,181,173,164,138,95,27,2,1,1,0,0,0,0,0,0,0,0,1,3,28,57,66,63,118,135,162,169,177,181,162,128,92,37,2,1,0,0,0,0,0,0,0,0,0,0,3,38,81,117,126,100,148,186,191,192,183,156,109,60,29,5,2,1,0,0,0,0,0,0,0,0,0,0,9,59,131,166,177,188,186,201,201,186,169,99,58,15,2,1,1,0,0,0,0,0,0,0,0,0,0,0,15,55,131,182,199,199,199,194,172,146,115,100,54,15,1,0,0,0,0,0,0,0,0,0,0,0,0,0,9,54,103,166,183,192,183,168,176,151,157,147,129,54,8,1,0,0,0,0,0,0,0,0,0,0,0,0,7,30,78,109,128,144,143,151,168,176,172,160,150,92,27,3,0,0,0,0,0,0,0,0,0,0,0,0,0,4,19,28,30,60,71,89,135,161,172,165,147,127,53,6,0,0,0,0,0,0,0,0,0,0,0,0,0,0,1,0,1,9,10,19,41,132,179,175,164,130,66,9,0,1,1,0,0,0,0,2,0,2,0,0,1,0,3,0,0,0,1,1,16,111,174,168,179,158,62,10,0,0,0,0,0,0,1,0,0,0,0,1,0,0,0,0,1,0,0,0,5,58,120,171,174,144,65,14,0,0,0,0,1,0,0,0,2,0,0,1,0,1,0,0,0,1,1,2,5,34,111,165,179,147,89,17,0,0,0,0,0,1,2,0,0,0,4,0,2,1,0,2,0,1,11,47,62,73,139,161,171,153,78,15,0,0,0,0,0,0,0,0,7,20,29,28,18,15,14,12,17,31,51,108,134,138,153,174,165,113,46,4,0,0,0,0,2,0,2,9,27,79,111,111,111,103,93,88,101,97,85,124,131,126,127,136,119,82,23,2,0,0,0,0,0,2,2,27,64,88,91,129,160,157,160,128,104,126,147,142,126,140,127,102,43,30,4,0,0,0,0,0,1,0,6,41,77,107,96,109,145,147,154,139,133,147,157,139,157,157,143,85,23,4,1,0,0,0,0,0,0,0,4,22,72,104,101,114,105,115,124,152,148,138,127,135,147,115,71,30,5,1,3,0,0,0,0,0,0,3,0,11,28,56,110,130,111,89,118,106,121,97,75,82,73,41,12,2,0,0,0,0,0,0,0,0,3,0,0,3,11,32,53,66,83,94,91,102,78,45,25,23,12,1,0,0,0,0,0,0,0,0,0,0,0,0,2,0,1,6,3,12,15,20,14,20,18,10,4,3,0,1,2,1,0,2,3,0,0,0,0,0
0,1,1,7,17,42,66,47,29,5,0,1,0,2,0,2,0,0,1,1,0,0,0,0,0,0,0,0,0,1,2,24,44,79,110,103,63,16,1,1,0,0,0,0,1,0,0,0,0,1,1,0,0,0,0,0,0,1,4,31,80,131,145,146,108,28,0,0,1,2,1,0,0,1,2,0,0,0,0,0,0,0,0,0,2,0,12,52,110,143,153,155,128,32,2,0,1,0,0,0,0,0,0,0,1,1,0,1,0,0,0,0,0,0,10,47,103,120,161,150,117,28,3,1,1,0,0,0,0,0,0,0,0,0,0,0,0,0,0,0,1,0,3,44,59,108,152,140,114,32,3,0,0,0,0,1,3,7,5,2,1,1,0,3,0,0,0,0,1,0,6,35,111,131,119,112,116,43,5,0,0,0,0,4,18,27,23,8,1,1,0,0,0,0,0,0,0,0,5,35,118,143,125,126,99,40,5,2,0,0,1,15,44,73,80,52,19,2,0,1,0,0,0,0,0,0,1,31,107,142,144,141,89,40,6,0,0,3,5,36,74,118,124,96,45,0,1,0,0,0,1,1,1,0,1,28,107,137,153,139,94,47,1,2,1,0,10,45,94,117,131,118,67,13,2,0,0,0,0,0,0,3,0,21,101,143,160,109,75,58,9,0,4,0,12,63,126,120,125,139,99,21,0,0,1,0,0,0,0,0,1,24,110,162,170,174,138,54,7,0,0,2,5,59,132,147,148,156,113,21,0,0,0,0,0,1,0,0,0,24,109,167,183,179,166,92,11,1,3,0,9,60,127,151,149,149,112,26,3,0,0,1,1,0,1,0,3,13,105,160,176,181,164,94,14,0,0,0,3,71,151,164,171,163,113,21,0,4,0,0,0,0,3,0,0,11,94,146,173,165,141,79,12,1,1,1,9,75,158,172,186,173,118,30,4,4,5,2,0,0,0,0,0,13,96,161,177,179,159,84,17,6,3,13,25,86,163,181,189,180,140,62,40,28,26,17,6,0,0,0,0,16,106,167,177,186,167,106,52,49,60,83,112,158,194,208,206,196,151,110,114,89,83,56,22,0,0,1,3,15,77,151,161,174,175,147,140,137,140,160,171,194,202,215,214,202,176,155,153,145,123,86,38,8,1,0,0,11,47,119,146,165,171,164,138,138,161,176,176,201,212,215,210,212,191,170,172,162,129,88,37,7,0,0,0,4,41,103,150,157,162,148,123,144,161,168,170,200,210,210,216,207,177,166,153,137,110,73,31,7,1,1,1,0,25,66,121,140,147,121,119,130,130,131,145,185,202,205,209,199,164,147,123,106,68,43,16,0,1,0,0,1,5,24,60,97,111,98,97,79,76,67,93,142,181,187,184,172,101,54,34,21,11,4,1,0,1,0,0,0,0,4,6,17,23,25,28,12,7,6,47,111,158,176,184,153,57,12,1,1,2,0,1,0,0,1,0,1,2,1,0,0,0,0,4,2,0,7,30,115,158,178,160,133,49,4,0,1,0,0,2,0,0,0,0,0,0,0,0,0,0,0,0,1,1,4,48,138,177,178,140,128,45,6,0,1,0,0,0,0,0,0,0,0,0,0,0,0,0,1,0,0,0,9,63,156,183,185,154,126,35,1,0,1,0,0,0,0,0,0,0,0,0,0,0,0,0,0,1,1,0,8,48,125,152,163,155,119,31,4,0,0,0,0,0,0,0,0,0,0,0,0,0,0,1,0,0,1,0,6,35,96,120,131,132,88,13,0,0,1,0,0,0,0
0,1,0,1,0,7,18,27,16,18,25,37,62,70,53,91,117,131,141,135,115,98,77,46,17,2,1,0,0,0,0,0,4,28,67,85,74,82,69,93,110,129,116,129,152,155,158,165,150,117,85,52,20,4,1,0,0,0,0,3,18,57,69,88,106,125,133,138,156,150,90,108,134,143,146,153,138,105,78,51,19,4,0,0,1,1,2,0,18,58,100,121,159,131,138,130,96,94,83,89,116,121,116,121,117,93,66,33,10,1,0,0,0,0,0,1,17,76,90,111,153,163,132,98,47,55,75,78,77,79,69,68,60,39,25,9,2,0,0,1,5,0,0,2,27,93,111,75,149,174,118,59,41,44,42,28,21,18,10,11,11,5,5,1,0,0,1,1,0,0,2,0,18,103,128,115,157,150,84,22,13,1,8,0,1,1,0,0,0,1,1,0,0,1,1,0,0,1,0,0,16,88,138,152,156,142,82,13,0,1,1,1,1,0,1,1,0,0,0,1,0,0,0,0,0,0,0,0,7,67,137,165,165,137,82,19,6,5,8,3,1,0,0,1,0,4,0,0,0,0,0,0,2,0,0,0,8,67,129,156,154,136,91,36,26,46,37,30,16,13,11,3,0,0,0,3,0,0,0,0,0,0,1,0,13,72,123,137,145,139,112,64,73,96,91,93,99,75,64,35,11,0,0,0,0,0,0,0,0,0,0,2,9,49,105,134,150,141,115,113,106,103,118,143,154,141,146,113,63,26,4,1,0,0,0,0,1,2,0,0,3,30,92,129,124,95,114,133,141,130,134,142,154,148,156,150,116,77,29,1,0,0,0,0,0,3,0,0,6,32,88,117,147,134,110,86,138,109,118,110,99,147,167,171,164,136,68,9,1,0,0,0,1,0,1,1,4,18,61,95,142,128,97,74,93,76,85,88,93,110,147,178,181,163,102,28,2,1,0,0,0,0,3,0,0,5,25,48,60,49,33,20,24,15,18,31,52,93,154,172,176,149,88,46,4,2,0,0,0,1,1,0,0,0,3,7,6,7,4,2,0,1,1,0,7,42,96,108,117,96,70,60,10,0,0,1,0,0,0,0,0,0,0,0,2,0,1,2,0,1,0,1,0,19,86,155,174,159,114,78,12,1,0,1,0,0,0,0,1,1,1,1,1,0,0,0,0,3,0,2,0,23,95,144,166,178,145,85,13,2,0,0,2,2,1,0,0,0,0,0,0,3,2,0,0,0,1,0,4,46,140,148,166,173,148,66,9,1,0,0,0,0,0,0,0,1,0,0,2,1,5,9,6,14,13,21,46,118,175,148,160,141,100,33,5,0,0,0,0,2,0,0,1,0,0,10,20,34,40,28,57,83,81,93,151,177,180,185,185,160,106,41,2,0,1,0,0,0,0,0,2,1,21,55,97,119,101,102,110,112,84,111,163,186,183,196,188,156,83,19,1,0,1,0,0,2,0,0,2,4,41,98,114,136,132,104,130,114,142,161,184,197,196,176,156,110,44,3,0,0,1,0,0,0,0,0,0,9,41,78,94,122,129,140,164,147,177,177,177,187,180,155,110,61,9,1,0,0,0,0,2,2,1,1,0,5,28,57,103,136,148,126,139,155,156,135,112,166,137,99,51,8,1,0,0,0,0,0,0,0,0,0,1,4,18,37,74,106,125,97,92,118,107,96,76,82,49,24,7,0,0,2,0,0,0,0,1,2,1,0,0,0,5,16,33,28,33,34,28,26,12,16,13,9,2,3,0,1,1,0,0,0,0,0
0,2,0,0,3,1,3,14,45,87,123,133,128,128,85,98,58,28,5,1,0,0,0,0,0,0,0,0,2,1,1,0,0,0,20,74,121,130,151,157,160,135,108,114,75,43,14,3,0,0,1,0,0,0,0,0,0,0,0,2,0,12,43,124,155,157,162,171,167,132,138,121,86,45,11,1,0,0,0,0,0,0,0,0,2,3,0,0,6,27,85,136,158,166,170,172,141,116,124,90,53,22,0,0,2,0,0,2,0,0,0,0,1,0,0,3,11,91,123,149,151,155,165,136,76,53,39,21,9,3,0,0,0,0,0,0,0,0,0,0,0,0,2,1,39,138,161,149,136,125,107,56,14,5,1,5,0,0,2,1,0,0,0,0,0,0,0,0,0,0,0,12,76,145,167,162,133,98,43,8,2,1,1,0,2,0,0,0,0,0,0,2,0,0,0,0,0,3,2,36,123,106,159,167,143,86,17,0,0,1,0,1,0,1,1,0,0,0,0,0,0,0,0,0,0,2,4,46,125,96,142,140,109,50,2,3,0,1,0,0,1,0,0,3,0,1,2,0,1,0,1,0,1,0,11,74,144,144,145,129,65,20,0,7,7,6,7,11,10,7,3,1,0,0,0,0,1,0,0,0,0,0,16,94,138,155,131,105,68,22,24,44,58,61,61,71,48,31,30,28,16,0,5,0,1,0,0,1,0,4,27,121,153,167,153,119,73,57,90,118,136,147,141,141,97,76,80,94,64,28,7,0,0,0,0,1,0,2,29,137,171,178,169,129,91,119,152,161,165,176,173,152,130,122,112,124,102,93,38,12,0,0,0,1,4,0,16,109,144,161,166,153,153,158,176,184,166,164,169,107,140,166,175,178,151,129,97,54,12,0,0,0,0,0,13,84,130,149,158,169,168,162,176,181,171,135,151,138,150,167,178,184,162,134,144,109,34,4,0,0,0,2,14,72,143,162,171,187,166,122,143,147,140,86,103,117,122,138,149,152,141,146,142,105,52,9,0,1,3,0,10,61,126,161,189,192,172,105,108,92,66,41,24,23,33,48,79,120,161,126,139,133,83,11,0,0,0,1,3,43,124,153,174,184,175,117,73,43,17,1,1,1,0,6,29,104,173,160,150,147,103,22,2,0,1,0,4,32,124,141,118,120,120,94,39,7,0,1,0,0,1,0,25,119,174,187,168,130,109,23,2,0,0,2,0,15,74,72,82,131,107,130,110,52,9,5,0,3,1,5,60,145,167,181,175,149,96,16,0,0,1,0,0,7,40,100,156,170,156,173,169,122,56,21,12,6,16,59,132,170,179,178,159,148,74,11,0,1,0,2,3,0,16,82,146,170,169,182,171,170,133,91,88,80,94,129,172,189,192,175,145,109,42,4,0,1,0,1,0,1,6,35,105,145,153,177,164,173,161,151,157,151,168,173,178,187,181,180,147,79,13,0,0,0,0,0,2,0,0,2,47,98,131,154,160,166,139,152,166,178,178,162,165,177,154,138,71,18,3,1,0,0,0,1,0,0,1,0,9,31,83,132,149,160,175,172,169,168,172,153,104,113,95,51,16,3,0,0,0,0,0,2,0,0,1,0,0,7,20,52,74,107,143,159,161,156,155,138,104,83,33,5,1,0,0,0,0,0,0,0,0,0,1,0,0,0,1,7,15,33,57,83,107,118,102,84,56,30,4,1,2,0,0,0,0,0,0,1,1,0,0,0,1,0,2,0,0,3,4,9,18,25,21,18,10,0,0,0,0,0,0,0,0,0
0,1,12,38,74,98,107,109,104,128,152,149,140,134,128,130,109,128,119,127,124,119,115,97,52,14,0,0,2,1,28,72,107,130,140,135,114,154,169,174,162,147,152,166,170,160,165,154,162,169,171,137,73,20,3,2,0,3,34,76,104,125,138,137,140,138,163,169,161,150,149,148,165,169,163,178,194,197,174,165,121,33,3,0,0,4,23,61,102,126,123,108,99,131,163,145,129,143,125,136,155,134,151,164,188,194,184,163,115,21,1,0,0,5,13,33,68,93,95,89,74,78,107,108,108,106,95,87,99,90,93,151,179,178,169,153,86,10,3,1,0,0,0,5,17,27,29,25,20,17,19,24,19,22,17,17,12,20,54,124,170,173,155,138,61,5,1,0,2,0,0,1,1,3,5,4,0,0,2,0,1,2,0,0,0,13,61,118,161,151,134,105,31,3,2,1,0,0,1,0,0,0,0,0,0,2,0,0,0,0,1,0,5,39,124,148,160,155,126,69,13,0,0,0,0,0,0,0,0,0,0,0,0,0,0,0,2,0,0,1,10,79,141,165,166,136,86,31,2,1,1,0,0,0,0,0,0,0,0,0,0,1,0,1,0,0,4,13,53,143,149,153,162,128,78,17,1,1,0,0,0,0,0,0,0,0,0,0,1,0,0,4,0,1,4,32,84,128,163,137,156,98,42,7,1,0,0,0,0,0,0,0,0,0,0,0,0,0,0,1,0,1,25,91,115,135,139,127,139,69,15,0,0,0,0,0,0,0,0,0,0,0,0,0,0,0,1,0,1,7,62,134,182,172,144,135,97,40,0,1,0,0,0,0,0,0,0,0,0,0,0,0,1,2,0,0,2,20,94,132,148,171,154,115,50,7,0,3,0,0,0,0,0,0,0,0,0,0,0,0,0,1,1,0,2,47,129,145,143,166,163,110,26,1,0,0,0,0,0,0,0,0,0,0,0,0,0,0,0,0,1,1,14,84,158,168,148,170,148,67,8,2,0,0,0,0,0,0,1,0,0,0,0,1,1,0,1,0,2,0,34,125,172,186,175,168,125,33,0,0,3,0,0,0,0,0,0,0,0,0,0,0,0,0,0,0,0,9,54,130,177,179,180,164,75,5,1,0,0,1,0,0,0,0,0,0,0,0,0,0,0,0,0,2,3,21,61,131,166,171,161,112,25,5,3,0,1,1,0,0,0,0,0,0,0,0,0,0,0,0,1,3,17,91,131,149,135,151,144,78,13,2,0,1,1,2,0,0,0,0,0,0,0,0,0,0,0,0,0,14,58,155,157,131,127,124,105,39,5,0,0,3,0,0,0,0,0,0,0,0,0,0,0,0,0,1,6,40,126,177,189,172,135,120,70,12,0,4,1,0,1,1,0,0,0,0,0,0,0,0,0,0,1,2,20,81,149,158,173,177,150,82,22,4,0,0,0,0,1,0,0,0,0,0,0,0,0,0,0,0,1,2,27,82,132,139,147,144,116,39,2,1,0,1,1,0,0,0,0,0,0,0,0,0,0,0,0,0,2,3,26,77,116,82,117,112,69,10,0,0,0,0,0,0,0,0,0,0,0,0,0,0,0,0,0,0,1,3,31,74,95,83,100,78,23,0,0,0,0,0,0,0,0,0,0,0,0,0,0,0,0,0,0,0,1,1,11,41,61,67,54,27,0,4,0,0,0,0,0,0,0,0,0,0,0,0,0,0,0,0,0,0,0,0,6,10,22,25,14,2,1,0,0,0,0,0,0,0,0,0,0,0,0,0
0,0,0,0,0,0,5,9,47,87,111,127,155,162,169,168,159,149,112,126,97,40,8,0,0,0,1,0,1,0,2,0,2,10,33,54,118,135,147,161,175,178,180,169,147,138,127,152,135,86,42,8,0,0,1,0,1,0,2,0,23,66,112,141,149,161,172,181,177,172,165,149,122,122,146,152,110,115,97,35,5,0,1,0,0,0,0,14,74,128,157,161,161,175,177,176,168,155,111,66,72,111,132,132,106,138,147,74,18,0,1,0,0,1,5,43,122,163,178,177,181,173,158,140,105,70,37,23,28,54,101,138,157,177,171,131,33,4,0,1,0,2,18,64,142,168,175,180,141,108,80,53,23,11,4,2,1,23,85,167,183,186,166,123,40,6,0,0,2,4,32,79,151,170,164,165,110,49,16,6,0,0,1,0,0,12,80,162,176,169,152,131,38,6,0,0,0,6,56,105,166,173,154,155,74,18,0,0,1,0,0,0,7,44,115,152,163,138,156,120,32,4,0,0,0,9,73,137,146,156,162,128,36,2,0,1,0,1,0,6,40,118,166,167,148,142,147,100,16,2,0,0,3,7,61,147,162,156,151,101,26,11,7,8,7,2,7,44,111,154,166,174,157,166,121,35,7,0,0,1,0,16,83,148,182,175,157,110,68,58,63,52,37,44,64,126,159,153,153,152,151,133,84,20,1,0,1,0,3,20,79,138,173,176,162,155,132,151,163,157,138,143,158,179,169,152,152,159,119,79,23,1,1,0,0,0,0,8,53,104,147,149,177,184,185,185,191,191,188,188,180,195,153,138,170,150,86,27,4,1,0,0,0,0,2,4,22,87,133,143,166,182,191,193,197,204,210,207,200,192,176,172,194,153,88,42,18,2,0,0,1,1,0,0,9,41,99,130,141,144,161,145,180,202,212,218,215,214,209,199,189,148,122,108,63,18,5,0,0,1,1,0,0,8,32,69,90,101,142,119,165,195,208,210,207,206,203,184,178,164,152,141,101,62,13,1,0,0,0,1,1,0,4,15,56,98,123,124,142,161,160,170,160,161,145,145,166,168,145,132,129,105,46,6,0,0,1,0,1,3,2,28,66,94,143,148,159,138,109,100,62,38,30,62,118,158,151,152,147,133,67,12,0,0,1,1,0,0,12,56,86,82,153,165,163,122,75,36,2,2,2,8,52,120,176,161,149,147,90,23,2,0,0,0,0,2,16,62,123,132,130,139,113,55,14,3,4,0,1,0,19,77,158,174,177,158,120,28,0,3,1,0,1,0,18,86,152,167,168,146,79,17,1,0,0,2,0,6,22,68,176,195,187,132,99,26,1,0,0,0,0,6,37,105,138,170,180,131,71,25,9,13,11,16,37,64,105,163,196,200,185,140,76,21,2,0,0,3,1,4,42,117,140,163,185,163,136,106,76,64,68,102,133,157,173,174,178,182,174,152,86,11,0,4,1,0,0,3,30,102,150,162,177,167,157,155,137,136,145,167,183,186,183,165,162,160,137,125,50,3,0,0,1,0,0,3,11,57,130,165,157,158,166,162,184,172,143,175,184,186,173,177,177,167,123,59,7,3,0,0,0,1,0,1,2,19,71,116,105,104,133,126,150,160,132,171,169,155,158,135,122,86,39,11,3,1,0,0,0,2,1,0,0,0,18,46,43,73,120,119,122,118,106,137,147,128,108,67,52,21,3,1,0,0,0,0,0,0,2,0,0,2,2,6,14,44,67,71,67,55,62,72,69,68,34,17,10,1,0,0,0,0,0,0
0,4,0,0,0,5,36,58,99,113,112,110,105,129,122,104,93,78,67,25,6,1,0,2,0,0,0,0,2,0,0,0,5,35,75,124,130,105,89,98,124,116,99,110,113,153,145,111,30,0,0,0,0,0,0,0,1,0,2,3,36,91,115,137,142,131,117,125,105,81,98,153,160,158,152,146,70,6,1,0,0,0,0,0,0,2,0,17,54,110,135,148,160,156,130,85,55,40,74,164,172,138,166,169,79,15,0,0,0,0,0,0,0,0,3,44,100,133,159,148,164,142,83,36,10,10,73,173,206,205,209,191,103,18,0,0,0,0,0,0,2,0,10,83,139,156,176,167,148,90,28,4,0,12,56,156,211,216,213,201,104,13,0,1,0,0,0,0,0,5,23,96,137,184,186,171,113,33,3,0,2,6,73,139,184,205,194,155,49,20,0,0,0,0,0,0,1,4,52,93,145,184,187,166,78,9,2,0,1,14,98,178,179,195,186,183,76,5,0,1,0,0,0,0,0,12,70,136,158,166,179,136,39,2,1,0,0,26,120,191,195,198,188,158,61,4,1,0,0,0,0,0,2,15,78,150,156,163,169,110,16,1,0,0,1,36,145,201,213,211,207,164,40,3,0,1,0,0,0,0,0,9,68,163,173,168,169,124,39,13,6,9,7,66,172,208,215,212,210,155,22,1,0,1,0,0,0,0,0,6,46,131,175,184,152,154,97,61,56,58,73,116,176,210,217,215,200,128,21,2,0,1,0,0,0,0,2,0,25,68,157,172,169,148,120,109,112,107,145,169,197,207,213,211,184,84,12,0,0,0,0,0,0,0,0,4,9,40,142,176,157,148,151,138,119,150,185,191,208,212,214,209,177,56,5,0,2,1,0,0,0,0,0,2,4,36,112,140,135,137,162,161,128,155,183,195,208,213,209,203,158,43,2,0,0,0,0,0,0,0,2,0,1,6,50,94,106,134,158,158,153,137,146,166,199,194,195,191,126,31,0,0,1,0,0,0,0,0,1,1,0,0,8,32,65,89,116,125,117,86,108,160,199,206,201,197,122,20,1,0,0,2,0,0,0,0,0,0,0,0,0,2,8,13,21,32,36,24,35,101,156,185,185,169,98,14,0,2,1,0,0,0,0,0,0,0,0,0,1,1,1,0,0,2,0,1,17,43,112,176,177,171,77,20,1,0,0,0,0,0,0,0,1,1,0,0,0,0,0,0,2,0,2,2,9,62,115,149,174,174,109,20,0,1,0,1,0,0,0,0,0,0,1,1,1,0,0,0,0,0,0,0,6,67,134,145,148,146,118,37,0,1,0,0,0,0,0,0,2,0,0,0,0,0,0,0,0,1,0,2,4,47,134,114,133,166,107,37,3,1,0,3,0,0,0,0,1,0,0,0,1,1,0,0,0,4,0,0,0,35,114,134,144,151,118,47,9,0,1,0,0,0,0,0,0,0,0,0,0,0,0,0,1,0,2,0,4,38,134,161,177,166,146,55,6,2,0,0,0,0,0,0,0,0,0,0,0,0,0,0,0,1,1,1,4,40,136,160,162,171,151,56,6,0,0,1,0,0,0,0,0,0,0,0,0,0,0,0,2,0,0,0,4,39,127,151,158,152,121,37,2,0,0,0,0,0,0,0,0,0,0,0,0,0,0,0,1,0,0,0,7,34,101,122,125,109,75,13,0,0,2,1,0,0,0,0,0,0,0,0,0,0,0,0,1,0,0,0,0,13,58,73,72,62,42,3,1,1,1,0,0,0,0,0
